arrival_rate,service_rate,servers,avg_wait
3.502156399327087,1.1509969003931029,2,155.32839136560875
3.511164093806383,4.247033536848427,2,0.04898495775092275
1.2011602182628054,3.180123996672558,2,0.014909288966695472
2.934524948974276,1.9233690380368516,3,0.08640957022775471
4.601273224469732,1.3002029161975277,3,78.49777699909042
3.1338244224357448,1.829464849803826,2,2.5865476584349127
3.3072013102748805,4.243716342714949,2,0.047761621380424446
3.465781087104522,5.800971086790883,5,0.0
4.948883617493423,3.329186977664074,2,0.3299075691284355
3.5029960634666866,5.519017813270818,1,0.27864051103700743
3.1890788500514877,2.157968165979313,3,0.07621569420457006
4.885311404870235,1.1851470183769754,4,29.358516871317807
1.0597993458886712,2.4277512003547512,1,0.3389986940532664
0.6654216494067533,1.499258188653469,2,0.04459300706936189
2.064627403867515,5.182084234588775,1,0.1324050622247873
3.037306749881332,3.748048475734942,3,0.005603533240325761
0.7746168802628004,1.7464106651224074,4,7.607227938726319e-05
3.4526923414252333,5.626009704942446,3,0.001044071524199958
2.8551620645650466,1.0253789166512504,1,311.0260648310134
4.259729997465973,4.684217349592126,1,1.726849916960986
0.8076273784128012,1.1983709752420522,3,0.016509590463524786
2.087231351774225,1.392830398903501,1,151.78817216853272
1.1407965677805292,1.9038507249165517,1,0.6969400240740867
2.924308238162094,3.0197780766501845,5,0.00026479299324745425
3.4651028856053747,3.4509420383186016,1,11.899140384553538
1.2672990838563134,1.4068928750654695,2,0.18249801821796993
4.378511157199815,1.9231134827336924,1,258.19111580042255
0.9370752118811823,3.7305257151234255,2,0.004581437867415874
1.9182281538411663,3.8473827578861215,5,0.0
1.6380219157068985,3.2109547652759867,3,0.0013338529201740682
4.021193574820388,4.826518774269955,4,0.0005578024654366835
3.0831025333573336,1.0393947548572993,5,0.1386257764405826
2.9727181093425545,3.1742579948908163,5,0.00014422672635261508
2.0312254988687712,5.693153422419012,1,0.10649967069218176
4.179185327693208,3.0339016694970717,3,0.044934810271879476
3.030867263960048,1.366277773780816,4,0.10679858581009052
0.9196410198777186,5.069127586844153,4,0.0
4.722087317899536,2.428914707120714,5,0.00541184360643351
3.2118021595085073,3.537087473046222,1,2.255913927574632
0.7084517819645576,3.9130148581538107,1,0.044635948293687285
1.446679864856106,3.0447246417222518,5,0.0
1.1088001839920032,3.477045663066823,1,0.16084554049232577
4.021790569661009,5.591787899567115,3,0.0033894461368674223
0.6187991620608444,5.135963657116754,2,0.000199370673455874
4.175768527877283,3.5140888047817955,5,0.00045820759143157285
0.7490836191618413,2.0607145537455507,4,0.0
4.194886619379908,1.0794017658923347,2,239.45383773622893
4.3688061864804055,5.074024682445879,5,6.954211016091891e-05
4.893056778373576,2.1651190153002218,2,42.561302129612216
2.4407783243650014,1.1709026506200395,1,260.2203649843009
1.9390370215809936,3.0721115684453943,3,0.003921500739540332
4.49524982443078,3.9899718064319556,2,0.11417569099042081
2.781584818932461,4.130369387454618,5,9.891222938249881e-05
4.150255712701613,3.891294794344259,2,0.11361548104082313
4.779569989560709,2.817252050683896,3,0.08631562646911141
0.9062758294734077,1.037812016522506,1,3.2927153284073833
2.107183964194844,4.308612075408617,4,0.00018293423522584918
1.8910592545869087,2.409403655943101,5,3.0871735033809524e-05
3.293386182589922,4.383339216884153,2,0.03696544221380068
4.5138696146237045,5.073901127052093,3,0.0054929086416470535
0.9614801196830227,1.6617245120056308,4,0.00014003601835411113
3.8227843236077805,5.072174396841919,3,0.003201064290063548
0.8299092948010822,3.721397284220617,4,1.3110688930470817e-05
1.567240896166388,5.083370233728803,5,0.0
4.073098325353658,2.9038630401619443,5,0.002026221544529664
3.431416957253127,1.7353442001783521,5,0.011617147809163035
2.723113857687568,3.9670854867094985,5,0.00011957840809599497
3.074754452432132,3.8779457540741946,3,0.007347550076847562
3.444787279899422,4.690882047189218,1,0.6047351660882874
1.2411908168522006,1.060487804528797,1,96.38395729293472
2.1292250602911382,4.358194297013094,4,9.874564922037344e-05
4.1570270467388415,3.072304642077501,4,0.004340483341124709
2.512340938727318,3.6082424790403036,2,0.03503331438210585
3.6785714330046266,3.780792226823686,2,0.07177970008206928
3.6280972097392676,4.677671628295725,2,0.0327834386150258
1.5714359894551677,5.454714773663154,2,0.003448030696634503
0.8955536645486535,4.95929462036583,2,0.0013230043296564996
0.5903075804490615,2.855834478843424,5,0.0
2.6659155458266017,3.139046803977631,3,0.008682650844068019
0.7060929602345971,5.739825238563922,3,0.0
2.5883681097231084,3.0822452106604548,5,0.00011987412630970975
3.281013378806351,3.60045918833121,3,0.012594519815388613
3.7750295883788874,5.7140681379663265,5,2.1989350632852376e-05
4.803779955070551,2.928835163280049,1,200.20518712754188
4.751180031002039,4.989425435450972,2,0.062400898472134925
3.308393664371334,1.2744290921932846,5,0.028603176620720764
2.184160032532337,2.510773859533254,3,0.009325762647835318
3.7025405278172068,2.6213604041362912,3,0.04364747054439052
2.1990483949487336,2.7405519649976493,5,0.00017471896881681562
2.2639314471148344,2.399515678149241,3,0.013890835078228138
2.4907920011643654,3.391296176377358,3,0.007466319382363048
3.4076255632363415,4.906413522143973,3,0.0024412011699296945
4.534338634378802,2.537877029371897,1,228.71445258888758
1.8414300517803854,2.2737848221273262,4,0.0010018071725523246
1.5265463757994704,2.0447942964273342,3,0.014849689441039447
3.893307637783406,1.5603792663157792,1,288.1328243417075
2.837098338012598,5.4997938710417476,3,0.0014728933499387612
2.464466475436559,3.811941819781072,2,0.03496663047224356
4.131638532131303,2.129457747893569,2,3.6920156108928723
2.411570077580786,3.429657870245871,1,0.569030938131777
3.6385002362784595,1.9948223294097935,2,2.8180567568412567
2.7896057369474505,1.009149301783859,1,293.71674051082283
1.1280039096637922,1.9998109527864223,1,0.626937184707751
1.5852782261260143,4.309668216385509,1,0.11847798973348479
3.153161455290779,1.933296889144311,2,0.5944232108236089
3.1536279407404906,3.446282577882353,4,0.0011642449664925982
1.5792187437753535,1.8756216571790394,2,0.08879362505700157
4.66045076212971,3.0180126963569247,2,0.4421011291674987
4.7375139445179855,2.9539376910717854,1,185.5884029595405
0.7215509412662036,2.7307154492386942,2,0.00662894819941181
4.307423222861111,1.4563722715798906,3,8.505848320315637
2.2282291951882733,1.7772879926324516,1,118.0422170087291
4.926895686612724,3.55727467261418,4,0.007896825832384824
2.5837061905050853,3.434688352274361,3,0.004788120806151895
3.1334989570908744,5.5941250933021935,2,0.013044921258170169
1.7320507533105793,2.4918455825481036,2,0.06222074740630508
1.3026396480815736,1.197831832636346,3,0.05557132762183075
1.5204043057880803,1.0826476123152875,5,0.003213529305089315
3.953176694335532,4.384459572795525,5,2.234984848653473e-05
3.6031553874620106,4.898704526086899,3,0.003250877976308415
3.984729495327388,1.0851657012255458,4,3.2765136225216027
0.9218719367177531,5.536339201592053,3,8.385539548849733e-05
3.384074398526363,3.1402891729225986,4,0.004559962580288311
1.7481886461578378,4.9707222763982335,3,0.0001974833027896174
4.705829088230845,4.858116999710476,2,0.06612519538453923
2.889562705189986,4.682143453908759,2,0.019155349697940964
2.2866355272017427,2.9931809296267082,5,3.486291003929422e-05
1.704211604945959,2.8430381086813963,5,5.6057069466922925e-05
3.3151244977717815,5.36464851302171,4,0.0003299225250303548
4.5819186508918195,3.881445249890196,4,0.002704068175500038
0.7431942758491562,4.568726662602984,4,0.0
3.400014919492701,3.4341244032960443,1,9.048981453883943
1.3000744481714537,3.2585202046187645,2,0.008138293944623459
2.9295885859380006,5.649608947068087,5,0.0
1.3148706097263352,4.4502223536995835,3,7.853137642747983e-05
3.680017388546951,5.80017117478197,1,0.3263470690973308
2.3347764505970208,2.0302196797615366,4,0.005570010033660488
4.373530206151712,2.448981795911391,5,0.00450378453276002
2.502022468600203,3.790729841480355,5,1.0800447621563821e-05
4.800802377539372,3.5449691507676073,5,0.001538945905788796
2.4802722286454166,5.201349697715262,4,6.812503441348159e-06
4.128156805563217,1.777780724978126,2,57.85207145004011
3.198717197648334,1.33859290086161,5,0.027602582967103998
4.325638808975896,5.309507669469925,5,0.00010034891462617964
4.353457162774696,5.423875423398193,5,0.00016654343404477393
2.192613159305992,5.210924859642575,4,8.626176933199528e-05
3.9434620069630406,4.739280782332251,5,4.8260511531121315e-06
3.0817274603240827,1.9418050879389668,1,201.2376889358272
2.0702964989225077,4.206423661645898,2,0.011540656635646778
4.146687311814093,2.250511645073659,2,4.019968404114496
4.128402551344906,2.5138188501110186,1,196.77057537209674
2.0950518932456426,1.0821502199881303,2,8.654788709100398
3.485285908961378,2.4511794400508498,5,0.0014291395685501714
4.359319029170434,3.026520408835295,1,165.80785839266707
2.954706986446656,4.699627960564953,2,0.026805291299899274
1.946129906669082,2.892097175852113,2,0.037548650603148215
3.45880409664929,4.549834246773018,1,0.6332518863837574
4.775339054202354,5.272641861235472,3,0.005689422875830052
3.9931004325676946,3.4628384445768075,1,77.08752612314454
2.887762750080737,1.398389505869528,3,0.30202683813850595
2.606013254709229,2.1130137586055557,2,0.26403093001355465
1.1043536148168103,4.307236946431881,5,0.0
2.610657475177952,4.918648599032695,1,0.2681457229488221
4.963531485953127,5.294049617398862,5,0.00027212403862954943
4.305897098950529,1.254115091702665,4,0.9351928404180905
3.3420634382937493,1.9164193221694865,5,0.0056507985763411634
4.876850996221441,4.360310282294212,3,0.012541701157057843
3.2450334944974415,1.669408141635458,5,0.00990724593224728
3.7872735164468017,3.083228426439821,1,86.34649764596008
3.0957016444485435,3.876315768134056,5,2.9317011507085633e-05
1.6425800516728712,1.4752290599448368,4,0.005091364107248505
2.9435015648583205,2.407670264868514,5,0.0007573525990427905
2.2045202470195853,4.390049491991416,4,0.00030691873229565374
3.3200972695149735,1.510393603840393,5,0.016117299037321342
2.0220401206759195,3.769007475831824,4,8.121247839963087e-05
1.5510280381135142,1.8289664420859122,2,0.11410172928851359
1.223139724058058,3.0989282175409176,2,0.014350043038897146
2.0813069133924973,4.655233820456473,4,0.0003566072034832208
3.54528337595107,3.399995206718601,1,36.70928078639812
1.4820822463203438,3.946649616538232,1,0.13688341098523266
2.345248463546123,2.060270323781972,1,49.71401384874889
2.329034552013131,2.6852919617520827,3,0.010485497209196771
1.3880942983123776,4.389601445270841,2,0.00762934257981421
3.6710488179178524,2.1016117285597984,3,0.1302741409739545
1.2125470725507113,1.5137430621602697,3,0.01691085728869225
4.607613152813249,1.8013492475355144,2,112.46291141038334
4.101160814943964,2.847707012956874,2,0.36136627518390796
4.3542089540497555,3.370627109591128,3,0.02739878988498654
2.4354749237438282,1.8887467874285349,3,0.0602068727142536
4.847004797906631,5.985908136974167,1,0.8805324377868214
3.9689392600916973,4.313359330628019,4,0.0004090328996361835
3.1589794736016765,1.5059248548448951,5,0.01788331531255433
4.339086337187881,3.5251453742892482,1,87.4056358075024
0.7280284288551878,4.649798640280196,5,0.0
2.897921708012269,3.017298255780921,1,8.799522304184304
1.1465960296935853,2.479235404121945,1,0.2757402277499427
2.7320795517941967,5.305749721502034,5,0.0
0.7633881593216947,1.035273078821803,5,0.0
0.8094402473692289,1.9808697667331585,3,0.002771854991878343
4.364833601786299,5.524354095993156,1,0.5358233332095655
1.8416401381958991,4.771162915083938,3,0.00014758793173673583
4.3810041089902185,5.982788543227504,5,5.832927460106957e-05
4.0136204345500754,3.722928937975187,2,0.10868051182861063
3.0090098972404924,2.7788130483718922,4,0.0027522357225995154
2.537957248255953,1.5939788264727774,2,1.2306240212657464
2.212827171844473,5.237075918447195,4,9.63451841886343e-06
1.8040134375319479,5.079003995037898,1,0.10643375093575268
4.073247233211605,4.212422028544311,5,0.00015914328992537097
3.426918132924807,1.4557643604380834,5,0.03704913764320791
2.660587445808283,3.1104940564621604,2,0.07281442920000383
3.103126205372244,3.7234280160671185,2,0.05177697110159606
1.3935723381325027,2.9281685683997587,3,0.0021209375518595206
1.158292581476549,5.513087203203873,4,0.0
4.6364474402585465,3.692252287471195,3,0.030116929545618783
2.9333904238968347,3.3885067138642944,4,0.0017521903771966548
1.52424138334248,4.861765400422902,4,0.0
4.819432660710658,5.791712650020812,3,0.0044902462732928795
4.011571837027989,4.538328621139849,4,0.0016670910387914506
3.0118362155570826,5.5802531620737295,2,0.015842479046944004
2.7316283331399682,3.326613354170004,3,0.008920741275517001
1.6704373903961813,1.629075914148819,4,0.003748701731658082
1.8017448390218864,2.722225176798168,2,0.03223913162221367
1.1793279543683914,5.353693234790529,1,0.04795558027819206
0.503998276938789,2.28548357265863,1,0.129333302670234
3.1096433658181772,2.4862980816993976,5,0.000720405242640414
3.0394923312636513,4.424682834607849,5,0.0
4.559508538514347,2.6519426584340584,1,214.91140260518532
4.891780266732627,4.857207376361294,3,0.01021545865882291
2.442461906141137,4.768427825763034,4,0.00021829562100750816
1.9637337571732738,5.837442543090794,2,0.004550441798304162
4.512429831216127,5.509896088314917,1,0.836511899959899
4.510226449548651,3.5364117362790397,4,0.0033342976679495303
1.1550810474099626,2.6595802051167876,4,0.0
3.796738333499791,3.28401327785933,5,0.00044082988603506444
3.4644501789532076,2.0913718636567205,4,0.021937612333449947
2.2176316755499244,1.7666958371174175,3,0.04434402527955023
2.811751851795069,5.056661067887257,1,0.2407500222601998
0.5179037322495208,3.5687117139872595,2,0.0015545229520438004
1.2421831573896343,5.2853889826043705,2,0.0023784968602279686
3.923394198102855,4.667435699757788,1,0.9231689364125792
3.411297463225883,5.961198729361481,4,0.00013401203075828663
2.216951246616571,1.3891912157021837,4,0.025784357511883408
3.5693177501921456,4.844608721579681,5,9.873233287737401e-05
4.103988373507246,1.22095508475884,5,0.12470758538057237
1.830867132617965,5.621932650899779,1,0.08426002719774683
2.9707951272337207,2.8093137866108258,2,0.16227117132852478
1.6985113644451204,3.4611328914499646,2,0.018216866952591556
3.5640308455176357,4.402365833392759,4,0.0011138822895085834
2.8458075223727466,1.1155595236837703,3,1.178763114450401
1.6519238106548506,5.57803027909148,1,0.07770387713466897
2.0460894681316306,5.561249806104795,2,0.008088505719841143
3.2317677962899958,1.6554291735628874,4,0.052674661828548915
2.4656678378348715,5.376225459896111,4,0.0
0.6745589232308971,4.055515135519343,1,0.05489724256011545
4.06446727551768,2.7289293367053773,4,0.009615404253623587
0.9586811851961156,4.326983667322212,3,0.0003505642056300873
1.2699191106836185,2.744706713161782,4,0.00015481034222939794
2.993604499137092,2.150554905098457,5,0.0011865674667149045
2.2460281231049413,5.93831263235278,2,0.005289970669504705
4.263499587919628,2.292630951425926,2,2.040614498173506
4.544449483547198,3.010881294843123,4,0.013027208100260236
3.3931290973034867,3.1382040935472584,3,0.019381441180770117
0.9063536540118883,3.24810101766234,5,0.0
4.361441072802448,4.380393470683718,3,0.010541295873454405
0.6505526393549661,1.324303297088283,5,0.0
3.7867158476088214,3.0858209089155446,3,0.029142922367993762
2.7922634834253537,4.717475966776988,3,0.003627821964885009
0.5831842725457261,1.9001706362901323,4,0.0
2.431943932201299,5.838585417171223,2,0.009739816202423762
3.6114448021917855,1.7481565862316226,1,271.4269157835202
2.5470445032143556,1.2389238296681495,2,8.5483188500483
0.7231140404412214,2.8721494166790915,4,0.0
1.4614685093943294,1.6123817430068879,4,0.0016681055332985063
1.5838520705939674,3.3065044080325707,1,0.2640246064401443
2.438891833737966,4.631150717222183,1,0.257634194572713
2.546476713229989,1.7338255526946273,3,0.08850859397853197
3.1547360357493774,1.2486600155181433,2,114.79598321887612
0.8268259317153033,2.0046182793236023,4,0.0
3.643237900106759,3.351181987854638,5,0.0001220833139845054
1.074607449646481,4.324158217391632,3,1.7176623781275073e-05
1.2350016332354559,3.0374853118049714,3,0.0015356849198233076
2.9344584003440195,1.9472743287832397,1,143.48558894365874
2.1164877813080025,2.1793192921506557,5,0.0005866650472766304
1.0461296038336458,3.9142527222714736,4,7.96637031937653e-05
2.4093002569481756,1.9595153990230676,4,0.014928965209321118
3.5201640673755072,5.8680964892054055,4,0.00015974708197311638
3.842841653866983,2.684753426273508,2,0.3398165762789967
1.3124216811842109,2.583032008617904,4,0.00023789363474464894
2.6315337667389316,3.296979846587865,1,2.229664015236564
4.127058593148121,3.899345026824452,5,0.00031725264372046996
1.8473248457132319,3.292382842646205,5,0.0
0.6577321802505427,4.642553777398617,4,0.0
4.137977940467023,3.273456212554642,5,0.0009253630014122774
2.8389879571978693,2.72945492970436,1,30.82703820009249
3.5340469667308225,3.3936091587724673,2,0.08622395560540855
1.1786705773188952,2.21593762962209,5,0.0
2.0769542364593856,2.763354611791837,2,0.05634562900387352
3.4232804882846333,1.6218460649763142,3,0.3195064602981265
0.9049403525494122,2.4511007454967744,2,0.012085675969061302
3.5848145931302455,2.3163292086829266,3,0.08194104001306428
3.502292601433654,2.5924651426952785,4,0.01036598099166968
2.1885973104277414,2.5725769717111926,5,0.00014997972041697614
2.2886719447921804,1.4327200833039369,2,1.2007200795734674
4.867063139146654,5.099115810232427,2,0.059054895742352655
2.0086647854318844,1.1363173899108083,4,0.06243858432308804
0.8786289248308772,4.036347291118596,4,0.0
2.7309905262671,1.6553214292004879,2,1.1484373734321183
4.085086200550584,2.343860227095788,3,0.13479341521143248
4.277121085373589,4.126616453164923,4,0.0019437710032126152
4.448248997162916,1.6222436441129064,2,134.77669634338747
2.635811939819222,4.714329336540819,1,0.21698914049457743
4.7634275446818,1.1391811680955335,5,0.5439856973771926
3.0955887702207363,1.112319198335743,4,0.31932851551281477
2.3857989038923795,2.9699191223385952,2,0.07597375137775296
1.459922876913792,5.741186051053547,1,0.04967568841645919
1.2262801332135211,3.893154590358629,5,0.0
1.773749080408081,4.4988490958117255,5,0.0
1.6308380436031018,1.7478427510068175,3,0.024282287989745886
2.6419721393711133,1.1999703729092377,1,261.1313491180078
1.0961856542193784,1.0815687147841737,1,23.16430495598283
0.7056341109577828,3.1135537086388663,4,0.0
3.9849507878973367,1.0553335230117302,4,2.424166187896691
4.6697927613328325,5.207142385567263,4,0.0008715603833828331
3.5364434376755733,5.789278981866064,1,0.2410690036320549
1.0116725158275635,3.276270237244076,2,0.0058778743013395505
2.4017350129365846,4.47055513010531,2,0.017261066281051677
1.3091832039680058,5.162135566397028,1,0.07653891976117096
0.7625234400249836,3.7516251290614795,3,0.00031753528276706115
3.8176755722758897,5.897620480544051,1,0.25416878263550263
4.715340458880738,5.031977148358258,1,2.4749581448459397
1.669318354905308,3.734467181460931,1,0.22288484634930497
4.959525305335635,1.7558870820203918,2,148.39008888924013
4.051860923254086,4.093904502411749,5,0.0003569389038969894
3.539524101185413,5.155577898286059,4,0.0003296661691023123
1.0563741784304155,4.22227237717481,3,4.362588479681392e-05
4.164482468440127,2.4006768610852145,1,197.40908623391198
2.584462793161425,3.398104383380337,3,0.006730454441011713
1.346790590480355,5.653742727342137,4,0.0
4.654108141594615,5.189910504625559,5,0.00017426766545158005
4.57725573044212,1.1867855394421836,1,356.1595389622128
4.875453455371227,1.9409249295278632,5,0.028514641919641138
4.551253627174847,5.470331056856035,2,0.03953952998056975
3.342231018705754,5.1803140299999795,1,0.3881553670960328
2.0973477220275667,4.9357254239117,3,0.0011757242081960745
4.693883128076337,1.4951653258001016,5,0.065884525131427
3.6640302144923615,3.000720603202489,3,0.027566562780673123
1.1345302623821403,4.332618869365479,4,4.524617079961972e-05
3.2456733715261974,3.158833976867534,1,16.62721503020042
2.9539761679362457,5.6875572310353695,5,0.0
3.7397583204274314,3.6531232384104557,2,0.10684182103579531
3.870940609569325,3.238584861894086,4,0.003932816430203586
4.856438500284625,3.9143091032801385,5,0.0004340026065946622
3.542764680105488,1.1655513269233881,2,174.73729304554632
2.7040391813974907,1.2931756583694116,5,0.017223864538221004
2.8322410018825885,5.13448071028172,1,0.23922169192966325
1.844151923334565,3.6283460701327406,3,0.0003268088410869784
2.36020549149658,4.908087271331242,1,0.18043423377507276
3.3889764443037387,1.5062064127432186,3,0.38999175769496086
4.304302459640658,5.099463428749433,1,1.3972316355319028
3.1162161271544155,2.046342889617197,4,0.014016190297792767
1.5334069924191676,4.537509641819403,4,0.00010499332477484035
4.056297621927519,5.582719720828087,5,4.225455493586045e-05
2.2836148410456074,3.9071009644590298,4,4.7424789854648956e-05
1.8416668191783505,1.3760702874357114,4,0.01990018782438167
2.317971177810288,3.863749588134442,4,0.00019309280977566223
3.8207248590723686,2.490966180731948,5,0.0018047782732518946
3.0722442311330163,2.1650769401152146,2,0.3112129021782453
4.221035854928198,2.7810146319419955,4,0.011072889938788905
3.2821644437143136,3.3659648248979,5,9.943692639873396e-05
2.522156601416587,2.994807656648723,2,0.07160092434879171
2.6225639337311693,2.7777709605603964,2,0.0943806371337856
2.9803684214304473,4.162679774076018,2,0.03200719901782244
3.611662293164887,2.693187341225666,1,121.28601796633943
3.4759669678161975,1.8333080270536208,4,0.030301709837131836
0.6516720567760419,4.9351372676265814,3,0.0
1.7412273174550663,3.8248445780631792,3,0.001528708949959734
2.123049873396489,2.936426814067101,1,1.0394365388967495
2.071171888764704,1.6572644574898705,1,114.2221047962001
0.7543164793444234,5.485348368038251,2,0.0009459004476538666
1.0309734221042657,4.5045800678284245,3,0.00010062765825621237
1.2002064734683182,4.898052669985667,3,0.00017261765396007228
2.3332072086485267,4.808334106378977,5,0.0
4.645222005063232,5.802832882965425,5,6.780799298259164e-05
0.7930132501210664,2.150910426587476,4,0.0
3.1880319713179444,5.2058321764294435,4,0.00016773434743581612
3.9957972505638777,3.0049236297221587,3,0.044322381285574204
3.343140435709402,5.672616455355685,4,3.101045725092931e-05
1.6872180886918633,2.6204978193135005,2,0.04747292192230469
1.6795733998738938,5.1125126998451025,3,0.000421382952651196
4.617415438432579,3.7597742911007246,3,0.02249226369678935
2.8356405599568317,2.088884652151045,1,113.50851345020122
2.0272192980784345,2.062056200755734,1,9.8508474641506
1.2445536301972224,3.79924874382583,5,7.688398265629172e-05
1.5302291852692202,5.126300871298418,4,0.0
3.574021978575147,4.582805870497423,1,0.6085346665812219
0.8699375146454673,5.921715978017483,5,0.0
4.6224457634418785,5.160826252503425,2,0.041405915488188276
1.6095511953511543,5.623803480095833,2,0.003107344378732773
1.5853977744175525,3.1557772701833713,1,0.313856727129404
1.9648095422530552,3.4595098038401773,2,0.02790229037470367
2.8225886154354582,2.7534112882050867,4,0.002003477637019002
2.954889217529427,4.824880215324787,4,0.00036505762888055913
1.4913829981406388,5.142411730586668,1,0.07163102096624796
4.214264046172882,1.1123698685923202,2,219.27632146672826
4.168584332123228,4.61127790830964,4,0.0008748065051564186
4.470356070168501,3.8212587789362558,1,59.84266606084602
0.5976099222683549,4.223808786687732,3,0.0
3.7943871981295163,3.6251811518595813,2,0.09635438967303117
2.8544955903921676,3.0700843551601693,4,0.0019311741536046558
3.7130969625207175,3.954163150037457,1,3.5563581646491165
2.6662380849555554,1.7195211103022614,3,0.08748312775277602
1.662032173872325,2.278538057727231,5,0.00026017072174855534
1.2084550150555677,5.816908605825966,1,0.042877082126676194
0.5842010461769556,3.3572134662541826,3,0.0
1.8314970183521813,2.0538274363783,3,0.01800055422157758
4.788512639261724,5.046258489856498,5,0.00016583853330550638
3.661355568462181,5.357855204206884,2,0.02742749314014369
2.3866095339878983,2.6685264466584693,5,0.00046139847917539697
4.0621971977937585,5.838926347379568,2,0.026514693257464923
2.7525010719003387,3.3610353913191933,4,0.0007140932214359343
1.4942837293166233,5.561725811475375,5,0.0
1.6773723615720182,5.418343593575528,1,0.09091238857996843
0.9184446499415633,2.3142322592661233,2,0.018839212890685294
3.3424198421776294,5.076829485287811,5,3.866119555126437e-05
1.6152598112045728,5.3070012589108195,3,4.822861394052563e-05
4.8052366548261585,2.4281089336257886,4,0.037034212489639284
2.9915123789158136,5.358783187797625,5,0.0
3.544037429070046,2.1813494580026167,2,1.0201146546306445
1.6474728264918495,4.808410930336905,3,0.0010100412183257476
3.5260798455939497,4.063633052948513,2,0.054112818850093454
2.637968008569537,2.2448500683214108,5,0.0007852509827709556
3.6852123158289025,1.7144450831449052,2,28.177770242955503
4.252149203321604,5.693879749525417,5,3.0306593228843318e-05
2.551850458570334,1.18797484587309,5,0.02338593326234386
3.1347864246711086,5.416044084839838,5,6.125913529358041e-06
4.499816657544371,2.8605665207707283,5,0.0033644341530556024
2.0087205636561944,2.837244691089599,4,0.000564402908548722
2.5936066531215713,2.744661571906536,4,0.0017024415759245995
4.221724613752016,4.990497906898618,5,0.00013023185018759987
0.9328413670869435,4.3692045341461325,1,0.05979500531561566
2.1211151430101367,4.168614952604793,3,0.0023136748492340914
4.547091521986372,3.621785548523432,5,0.000638856000807329
4.863287503014474,5.564345100470715,4,0.0006631961036119988
2.275232313660719,2.1697753025402435,5,0.0001505205827695504
2.525115314960322,5.07332915120934,1,0.1877931426644013
1.554322797266488,3.1629138689597065,5,0.0
1.6211746045136948,2.1264419097258624,2,0.09674023897131347
2.5094553665946284,1.9182576240872335,3,0.05475808635471471
3.5265312738722363,1.1328078836478923,2,193.98219986101725
3.4330564948364257,1.5739104842687592,1,296.97299850677723
3.0519357058141257,3.8837261691048295,4,0.0010439267381396646
1.578085151479184,5.383614027641446,2,0.006809932965231025
0.8158551401963324,3.0345031303580234,3,0.00023198924949093737
4.815593397548502,5.096110412809769,2,0.04881064428484839
3.147507377626584,2.8921675447297743,2,0.1392014153184221
2.2341747703513217,1.8210053592512934,2,0.3122003091969944
2.685241989679508,2.078386369532672,3,0.03980093743027115
0.9133881803355888,4.508794240679472,5,0.0
3.276936736201698,5.371995429593109,2,0.015259927588491096
0.7666532777379369,4.207385400300252,3,0.0
3.5372788343941863,3.6435332560694884,4,0.001977906941820583
4.451053032305717,3.0636176104018493,1,156.46155828877554
2.455976882674894,3.7356638180786392,4,0.0004877483625779152
1.95176526060813,1.735106191474932,4,0.007839178705365947
2.1817283262456306,5.926385845996335,5,0.0
1.0905476467174462,3.580446884840724,1,0.139932483826148
2.1612478173599188,1.2175064675039284,4,0.05169908432670477
3.763922976211461,1.1903951544125349,4,0.9157669553307864
4.1559897243367425,5.80226436710834,4,0.00044617389105279726
2.506264153327874,1.4901044438497166,4,0.028545650859178227
2.0331514475013535,3.798455767961771,1,0.2666144282483383
3.0078434946476147,3.084466532185125,3,0.01364658812625452
1.3882681429422923,5.799846996951195,4,0.0
4.40146198164598,1.8146659012306041,1,288.09055127553677
2.8627748065077836,1.1181445252513835,4,0.15913252664563862
4.5995556138564835,1.2683964440687419,5,0.2680721333716691
1.6106999117877363,5.014846405823581,4,2.6241776428148678e-05
2.4277006839313624,4.728887825718921,3,0.0010830778830266071
1.4824206044279649,1.799916796408064,1,2.946894717271641
2.2195970017952718,4.092528596956413,5,0.0
1.572067092254503,5.991211828619208,4,0.0
0.631650520335341,4.07218855463621,2,0.0014249089751551859
4.59174090824883,3.149146705679364,2,0.4080742024868739
2.0813295863386623,5.500539490295856,3,0.0005079140513500319
3.313312734908383,2.5340069046321583,5,0.00120880455588875
2.0752966900565735,4.091123214750269,1,0.26771045678170596
4.58020125430351,3.994379426950666,4,0.0037272295714496093
1.534585396878704,4.354882630454355,5,0.0
1.290122607571038,5.318934351906336,1,0.07184085061844298
2.5182627575580554,1.1428158310537597,2,44.498765552120005
1.8772899646027195,5.383534557730043,2,0.00645433254174116
4.813441098943923,5.069180742681901,4,0.0006751847927369063
0.8785583536267862,1.3749970203719866,3,0.0075834013097920835
3.4266374797016743,2.1407097789713228,1,199.48944063797998
1.7281878909243669,2.499345734550061,3,0.006389013500112652
2.3685953400731883,2.544787967941014,3,0.010772152616207273
4.29395843451714,3.5071655706893985,5,0.00047153522686621324
2.927885339309345,5.854333948738231,5,0.0
0.8259030898236307,3.7347867253800766,2,0.0034487949331744178
2.77090836039634,3.374881210806831,5,4.313607363951812e-06
4.512801432511684,1.4460287494371906,3,20.218838185567467
0.6081403797482089,4.7745615642666674,3,0.0
3.1773303228975,1.6482706607334006,2,5.47652581694787
1.5897448291450047,2.3921251285752154,5,0.0
3.3690155956071006,5.097845557524402,1,0.33836408103919247
3.360960084806571,2.5477643303986777,2,0.2544147412696762
2.667352639978348,2.535074788655661,5,5.903485072258502e-05
4.365642133962879,3.7968675220241677,4,0.004170765573063972
3.4692022777047655,1.7692813357140538,3,0.23231292124977254
2.812107811550225,3.1198896372285523,1,2.9101487008691134
2.8795027272086373,1.51893154826036,4,0.03491084796503428
3.3677610399451496,1.8285032708629418,4,0.03985119084681394
2.193596244341999,5.652799533225675,1,0.11658676571901283
2.2166551773714485,2.3858335814950755,3,0.01546522181295215
0.5117534629423619,2.607182166882643,5,0.0
4.987251333059039,5.53017550598997,1,1.1141749801870726
3.6976544323345713,4.306217263726168,5,0.00018457314318974372
3.2271281266419627,4.374641460849771,4,0.0006691684813470453
2.115028554025509,2.7825606504293576,5,0.0
2.625910572199046,4.413668695888173,4,4.9574228054622546e-05
1.6173315995987632,3.8129483332031766,5,0.0
2.0452647026779642,3.0560195453540024,5,0.0
1.5769551067565457,3.2039706752535504,3,0.0031909282589782837
4.17166265215304,2.099896735494221,4,0.054247212802753145
3.1402242567288914,1.285499044403243,2,110.6573844920753
3.886951074652199,5.089589921495197,5,1.1014454217164874e-05
0.7707447619573371,5.113819398700992,1,0.04390890551874745
4.538789105697701,1.1629598768704938,4,3.0479982247211455
2.2725542494021305,5.628662127899459,1,0.11611751781586778
0.7606931382208694,1.9252786786757894,1,0.2685852379260715
4.8149602325893355,3.7492740052602684,3,0.023487817707462652
3.21471025022313,3.6213114283186894,1,1.6302846202889039
1.762955933821294,5.774598621488633,5,0.0
2.1446825904289106,3.4379822984461708,5,0.0
3.814132105985098,5.649363773073314,5,0.00013712017963417216
3.371136918003569,1.324569479628366,5,0.03957281072839648
1.0921830124585656,4.2497435241420725,2,0.003515530360511818
4.20310780567981,2.050622588109298,5,0.012072063696225724
3.039201211153458,4.537767512846305,3,0.0019549284572030496
0.8907627758378531,3.0308775520005002,4,4.223831133335314e-05
2.429150960947137,3.0426308167884235,3,0.010709597868175758
2.67055009494539,1.1724615353817427,3,0.7544338241390569
4.265606899319419,5.422953346209313,2,0.03620772349259558
4.901483063059791,5.507057805820985,4,0.0006118415511412094
4.69949178524385,3.5727640286579314,3,0.03580101121146253
4.1082787492202275,5.683638892723891,1,0.4909676283979937
2.9137194420876438,5.7655713203594,5,0.0
2.91451726392485,5.815033681545901,1,0.18650666027495377
4.448228930439431,3.486897875910671,2,0.1805716073563946
2.889649319816022,2.2729348106220737,2,0.3144018878367532
4.404885419764344,3.3558012283737817,5,0.0008765793250563059
0.817971710929343,5.465694017015028,4,0.0
2.354307206237204,2.5225671981124766,1,7.395981597732199
1.3566090567932216,1.3437588887041438,4,0.004036401420433796
3.373686847771642,3.62276993108052,4,0.0004807164283234016
3.04512333596777,1.6156562553245049,3,0.23457961229486593
1.14535152214054,4.835876759519316,1,0.07583529339266172
4.025528562545408,5.244735315117005,4,0.00020956241750493855
4.9744452446872565,3.7044468775002155,3,0.03138372040547274
1.6150971827777936,2.3380824477238225,2,0.06365348912396807
1.156755134797795,4.038265785017642,1,0.10740355382370609
0.5403174470379816,2.0520131324071786,1,0.1996917321205316
1.7090682910656807,4.367019430316639,4,0.00011066444229486483
1.2558549537620998,3.347199846672919,1,0.19628197910027542
0.884852984231771,4.549854282455245,3,0.0
4.044335031983348,1.2029902063523,1,335.02933057937224
2.5743286192440245,2.8044689153421163,5,0.000527463147985064
3.182911755028513,2.933954839331306,1,29.43388934426767
4.908983249080706,4.337595386907719,3,0.014539200871552834
4.233488438369516,1.2567338929459346,5,0.2067260060312801
3.98886208800635,4.7127464173424745,1,1.3873581522073075
2.308429675105333,4.467001688481578,5,0.0
3.7903055389589677,2.2605213684830447,4,0.020870249891866473
2.3425478764992134,2.2782445113755276,2,0.16203937285999068
2.7263561263639935,1.4055035877210162,3,0.24611725661101141
1.416625817231115,5.436709443157092,5,0.0
1.6159612949823825,4.823917051313561,2,0.004201462816486244
4.490025726103633,4.356887567385928,2,0.09169303212857621
3.4516875949208283,5.559786624094728,5,1.288622648418318e-05
1.8270672847989973,1.5896533607239367,1,93.2668099935505
0.9147800621005502,1.561456298633528,4,0.0004178133458442844
3.673919594435733,5.015674638397364,2,0.028414646457770913
0.7821808891717639,3.6307341256407395,2,0.001425279582503497
4.694603850141491,5.831672163075356,2,0.03515561138420607
0.76484955248046,3.5013143809374974,5,0.0
3.4482076742209498,4.762770859409924,2,0.03781246290667115
1.0387891669240275,3.364978444215034,1,0.12483990321820956
2.2033951312293856,4.098039874633219,4,5.4861159752588466e-05
1.6579475051781958,2.190384752975642,3,0.01190167737158293
2.330320493227347,5.785519301825559,3,0.0004958208342608567
0.9859330553457359,1.1442709531725832,4,0.001532628751940733
3.4446709221741223,2.433370372898391,4,0.010995237466361456
3.059825674468149,2.3628403784820047,4,0.008030935120903792
4.14774506796135,2.6968435681682466,1,169.13900946934416
1.2922813953375525,3.025819985362118,1,0.21307901166451373
3.1642107705394125,3.6519291700701384,5,0.0002261893336965243
3.897526071199268,1.5150856365861705,3,1.6120020077485022
4.19189788075027,3.444294579886355,3,0.02675111636152956
3.967865880034635,3.5654538601175374,2,0.10515627729058306
4.626229229670435,2.144270129860177,3,0.26551768478103943
2.2779434125230544,1.5172356587041416,3,0.0927567378884337
0.8009504610107967,5.983570688901277,5,0.0
0.9706427343338775,3.796970820114426,2,0.0016629267269957899
2.9972082626276455,1.5321151408156903,5,0.010634025817064137
0.5836508619400673,3.118104513895258,5,0.0
2.335490115733939,4.709627480579212,3,0.0011680891489781453
3.590864598687929,5.150720941342923,2,0.025624075338792515
1.4568518576345102,3.845468194983086,2,0.011081049714369915
3.304011387128221,4.022365311133587,4,0.000905388352303849
4.823819595584574,3.4489833342773344,1,162.33874570174942
2.6489602567217494,5.1723608139276465,2,0.009748754204187573
0.8908979620825885,3.477653152054517,4,0.0
0.6154474793948579,2.5352567764064053,5,0.0
4.0109354701247515,2.3623744766438026,4,0.022088700249111567
1.5879668571190382,4.820852113909189,1,0.10703719993757364
3.3612745767774634,2.3177615522811505,5,0.003019129306350065
3.8261789115748015,4.453751183280482,3,0.009127779715114923
3.52576319924078,1.8858984674858028,1,233.0644433891579
1.63456766207993,1.8617082371135265,1,2.654843997567823
2.907599378853942,1.0220166953315604,5,0.11414180724870185
3.5503563649846264,3.6783906053731754,1,6.753573461668564
3.143051505377461,1.1478196574538637,3,2.534347316182118
1.0232671306510075,5.934424829271509,2,0.0012067845746236757
1.0138898450927327,3.7949012843193395,5,0.0
3.634912561014665,2.7878844500668882,2,0.25570295349899647
3.736656500802016,4.199865411602037,1,1.793782555390162
4.490522660983242,2.889315846742565,1,181.44205754090325
2.429790160732032,4.39740792134989,5,0.0
3.6605294732326774,2.3044851540507993,1,180.95392821393824
1.429578178955968,4.42865384701383,4,0.0
4.196350744044681,1.760042038908992,3,0.7939771949547312
2.0499813619935012,1.1667717954573917,5,0.0054169232961259065
4.794261924579014,1.9143566790704378,2,98.22700612694085
2.3775830084153986,5.3442551125120445,3,0.0007811567316871303
4.46337869913949,4.2163675644243455,5,0.0002338175663751482
4.7454182095572435,2.7936945444869545,3,0.08807385074747415
4.131545068211271,5.979571463471374,5,1.9665181823386177e-05
1.4126709645493492,5.224758587133035,1,0.08927035810972055
1.5994865215962748,3.463628408410174,2,0.019127610280493285
3.1263889056430436,5.9390708311345675,2,0.013182493472917316
4.271563619388884,2.504278375492449,1,211.8254997975125
3.8362878985092856,2.509311329585199,3,0.07140136687753829
2.726829745626219,1.2062698796554248,2,55.412141046841214
2.3047073202988777,3.3820222217902347,3,0.00354450941876552
3.105060133366717,2.7427029390301123,2,0.20848053151788482
2.225278595752523,1.1232205112261804,2,33.048504419720445
4.347610796830778,2.6422701827307877,3,0.08335508188669422
0.8547597609863147,1.4555524517512577,4,0.00010742084536056944
3.842411735950663,5.205930283200625,4,0.0007753068377971277
1.8867307456382727,5.874381942242224,2,0.006588359584352684
3.999855380529346,2.8429684074137134,3,0.047843535287336564
4.30333206176645,1.5444242949624345,4,0.2226297568806811
1.9445570717232796,1.9014289776839501,2,0.20003066026377897
1.0012229015934468,5.396773197047255,2,0.002322348032197154
3.4938899030862602,1.9631717906483062,4,0.026729974621206937
2.8147831198169144,3.2281636603834998,4,0.001189296723240162
1.547502200739482,5.884056403758605,5,0.0
2.436729137322296,1.5696759451539228,5,0.004794345224180831
1.293575212340961,1.7838281892748316,2,0.10108897407892062
4.401379699678271,3.0120917762959434,2,0.30652351786336024
2.7159521830887075,5.349514610219618,3,0.0015125598713520187
4.513126004143963,5.230080979002038,5,6.159834668402933e-05
3.775899311323557,1.2192743211316528,2,187.99021433243772
1.935831404411812,1.628783350871297,2,0.4075197450737513
3.7411368953575996,2.8495513748375747,3,0.032884394920603584
4.3375651751382875,4.153971406717883,5,0.0007892767169899561
3.0779126013625757,4.560286497846038,2,0.02820322416426326
2.004638716431951,1.30653075012273,1,162.2700714338579
1.352772660516211,5.1115189256425815,4,0.0
1.342565685065218,5.666965852474673,2,0.001503639440099588
3.3366516560265693,2.9185811337443037,2,0.13366699927978776
4.611572263776211,2.918525367640605,2,0.7766001841662894
3.775316539696993,2.0143075842772626,1,254.46244513805107
4.765129784118522,2.8541995927826846,2,0.6584780992994279
4.335930029469823,2.3943172161236217,2,1.8675114340912329
3.503432874778148,1.354660763408881,1,302.6377612842412
1.3854712061325798,2.2563436794076703,3,0.006756284571118871
0.9190332280922993,1.069859112791411,1,3.7540739791808297
2.3201136903640727,5.597458478840829,2,0.00806396755392363
3.8778486146438738,2.1877907182599605,2,0.8874772523840753
4.320346291542885,4.193767543443688,2,0.07849003904602865
2.6978538487009476,3.4876177305182368,5,2.1065915133289503e-05
1.1714797943201924,3.869569346793399,2,0.007339287948365879
2.6892783857824836,2.2310205826396263,5,0.0017160238096179563
3.949965838702958,2.996877938596686,5,0.0006483260449432169
3.7814161038796135,4.52596193942032,5,1.699250891755043e-05
3.68025523059887,4.465277033614404,5,8.633288678074406e-06
1.4268953298034093,5.5553612566059325,3,0.00011137193798570057
4.725427554001998,4.462692287487892,5,0.00021803036449490022
3.292846460185045,1.2427241195173386,5,0.04701107663381636
2.204117853399114,1.4447552584427945,1,189.7219826292398
3.6940833843343612,3.615967166905137,5,0.0001067618541885371
4.440752894341735,5.417919936093505,4,0.000534737205850774
4.151750956323239,4.617125326507596,4,0.0009736945641262778
4.283304973211522,1.1633972535460315,4,1.8441368107731928
2.1184548785830906,3.793346283094087,2,0.024302785987267286
2.7430622235594524,3.8595297471271874,5,6.726762683592345e-06
2.4529805469786456,5.28613490880318,5,0.0
1.4766260759594658,5.230257123860778,1,0.08808938064755882
2.973998829219073,1.895399753679313,2,0.9863011732687846
4.125548256228312,1.8145561728395778,5,0.013991914522836164
0.8496132912066439,5.5139656022217824,5,0.0
3.866380114740793,4.934056074039662,2,0.03374265810532198
1.3311613044160655,1.998982920761868,4,0.0020317599216263006
3.9104524650717956,4.105955087098713,5,0.0002219889128908548
2.729910780729091,4.437534132286637,2,0.024671885354261694
2.6717715024757234,4.625965870102933,5,1.3160699138685844e-07
2.177193242094046,3.2100710672834283,4,0.0005224923917500841
3.6313564125546507,4.9212069664459595,3,0.004063825141394543
2.3129941694251377,4.474339479789107,3,0.001214315569503412
4.406593085599325,4.856972267195994,3,0.009782056737058323
4.5286773130601,1.1922521754060909,4,2.5126873520405915
2.5729462276903936,4.5050754128374795,1,0.27737738149432806
4.900429734892358,4.605967281834355,3,0.012896152405080364
2.2678891230587617,1.1426674712365184,4,0.07825522055586807
3.8493159565080624,3.4027721014388703,3,0.01922166605177231
3.9853711933314306,1.1990901672867533,2,192.5725806931168
1.0629706943707236,3.762142010563325,1,0.099787597973205
2.6959349941420254,4.252075408047466,5,1.2010791623326544e-05
1.2445209112946176,3.932021667053928,4,0.0
1.224340068564914,5.353309370970301,1,0.062262421170823284
1.9299583829898916,4.723552415284252,5,0.0
4.265045614190237,5.3336994159962865,5,5.127574904889577e-05
4.650929338918096,4.127003928913966,3,0.01499628878374648
0.6681020378725648,5.44905525503162,5,0.0
0.78763755851415,3.9431584702894282,4,0.0
4.311013654388034,4.190849825361015,1,11.72359171884087
2.8570608026721387,2.923855439321645,3,0.011373016018584935
3.4038158542014076,3.97414032243318,4,0.0012717745649496828
3.512339005510815,3.7011839168256073,1,4.194126428609497
1.7946302635421203,5.396541178205375,2,0.0053614011321810465
4.214513933166158,1.7099264853573644,5,0.022063525186753627
0.8667543109621189,4.209618937130258,1,0.07261256127876137
3.5212518054640762,1.7489245662847916,1,242.31381763676583
3.470685096404959,1.4732793011463383,5,0.022824325474501552
1.8084847905993977,3.8348774646002295,2,0.014415897416388383
1.0846600364153345,1.0015106863738383,4,0.002225825087413061
3.583369869023269,1.0687087325603153,5,0.1537959680827223
2.927021713241961,5.00068854707202,3,0.0016389743380834986
2.1105911573825846,4.120979852239294,5,0.0
3.628175925802009,5.904832637945253,4,2.9848782266253293e-05
2.2932323341834926,4.182132116622159,4,0.00012141500673044289
1.04638231838976,5.417855046482911,5,0.0
1.2018129108452287,4.898550568401578,5,0.0
2.04199523425061,2.173930331014066,3,0.01541570850174888
0.6725262401070302,1.3201878158202531,3,0.006578864421230615
4.154687523971952,2.7392004492766096,5,0.0019194621435069511
4.710248346476931,2.620013183090583,4,0.021556573314472444
3.5355325124803505,1.0034305440528652,5,0.21828433244090578
2.53066579720036,3.1005234695755437,3,0.005570246741867883
1.8546252188419277,4.3610068108127855,5,0.0
2.5032269711088735,5.997018933266874,1,0.11836928980657022
0.9033323261221349,4.154244230673969,1,0.08515991879202349
2.938714074136132,1.4276737088608513,4,0.05503493700956022
4.342326113357103,3.827702085227937,1,55.19503929875667
2.415303801207235,2.213853882376137,5,0.0004089460511298457
3.440016621787269,3.0343145998548713,1,77.75099877229509
2.382231111455982,1.9693711118293313,1,83.74757033189132
3.5199678882670282,1.510235090244862,4,0.13358578058059836
4.372209326073671,5.248325945933758,4,0.000570151665027656
3.2562581666099266,3.8136270359418925,1,1.484678354237932
2.3281468418585463,1.4581459669820565,2,1.2204332742958977
2.9994063571284704,1.2897827168210303,1,278.7759318126636
0.5611988302418099,5.567415978431398,2,0.0005176483010249142
2.3657840815896813,3.9804273803406165,4,0.00022489146248036378
4.938918998377675,4.369691143597032,5,0.0003611701437917783
3.1012052569611854,5.3729749532736575,3,0.0013742344351703514
3.7281305649480623,1.1788787590392276,2,179.25082420509943
4.965457485491836,2.661244213553564,5,0.004582696737331581
2.3910962204283623,1.241618185058507,1,239.80706452195625
4.296571129828957,5.586538095287928,1,0.5572201060262528
2.0875897920302027,4.680073231041109,1,0.1980330543844406
4.062707726738184,4.570525532035093,4,0.0006870653302298964
4.744422096290195,5.671745168351255,1,0.6610094081461979
0.5954713122782496,4.6715503071985545,2,0.0002501012068927608
4.615195968301991,1.5887431111406478,3,3.4023516228927493
1.272077104495255,4.634772493066084,3,0.00029346311617686624
0.679370746959829,1.7690715109014383,5,0.0
1.4070244560788336,3.1346388769556626,3,0.0020939549986371264
3.072954132046458,5.4599367017930245,2,0.01614491498567556
2.1092955089061443,5.667642766649312,5,1.2365014121056498e-05
3.1979969645728947,4.440610628925657,2,0.04052004996991161
0.6729959481467969,4.397180892964629,3,0.0
1.372641928410136,1.8463361354302195,4,0.0005096771304125593
2.954454882065266,5.630468690729529,5,0.0
3.66888773962606,1.1017002339738733,1,337.39706323555595
1.0978806432294237,1.5812496195659256,3,0.007485334947982945
3.220113033400313,5.199447423471393,5,0.0
0.511186993904346,2.1234176364508848,3,0.00012229341322722576
0.533253008282611,5.077697635805201,1,0.02397833150471881
4.24175666564372,3.6859328830551905,5,0.00019161793998191413
0.9427256096138901,1.0241672430566493,2,0.18384151578227637
3.700723237809839,2.7664336044728275,4,0.009116110697544113
0.889365564403831,1.7659523750497583,2,0.0383009250586333
2.2157746894632764,4.347482693497339,4,6.093890240661295e-05
3.7533283622906315,3.527394965822933,2,0.1384133217792824
4.008064157283421,4.84977763679321,1,0.8957013886504038
4.91754106471278,2.1760178552220566,3,0.4617897350722923
1.1795886008520258,2.419836498421172,2,0.029981048438232166
4.146962542657775,2.64753876528209,1,170.148145004368
2.1218558778383896,4.913024131594437,5,0.0
1.1602445691013892,2.9879023820187767,3,0.0005369462396907773
3.539324871784683,2.6142921957157763,4,0.00661327465208201
4.264470661694477,5.084183610242615,5,0.0001146441640815911
4.040105498194727,1.4156708054898905,2,127.03423746297322
2.44626650745451,4.8606773455639765,4,3.621178123306586e-05
4.951498540965905,4.535975904085882,3,0.014866854377855431
1.537519722347939,5.8894398848690255,3,8.48740278112684e-06
2.497044189951676,1.1001852915914336,2,72.73157944679176
1.578745874155097,4.981121337635486,4,9.206887828483012e-05
4.833138445661996,5.303014737017735,3,0.007850347927288915
1.8242770082119537,1.339571849680358,2,0.7501542869176879
0.6542776497082348,1.7304923232123444,4,0.0
1.8941689321482813,1.5326104678551746,2,0.3790115754757751
3.828849109394001,3.4806831482062304,5,0.0004978953974117202
2.0184394084410058,3.6198278375957864,3,0.0016490617255736693
0.9785116198062609,3.178648929918789,3,0.00030535310198870574
1.8044160789452306,1.5808962303142744,1,79.206957441477
1.204414843455045,1.8207750046395184,2,0.07008085017483195
1.852649475991372,4.02040293554715,2,0.014772796102989356
2.655102447264442,3.653496428684381,2,0.040339213783916014
3.062890748270582,5.117183782343105,3,0.001487897338157314
4.363716484225038,1.3672793191896617,3,14.093416058311696
4.815230485428862,4.810731348649272,4,0.0017675332941072147
1.7041967776210152,5.2491182533587075,4,0.0
4.188723837726169,5.438289862577473,5,7.68083047521962e-05
1.6812312873493662,1.9233774687505898,2,0.14047602312748678
3.699015374923625,4.410700681768304,2,0.0421413286478793
4.908107652547568,1.4239840314853822,2,194.21443225992337
2.5974594284034174,5.697919693649602,1,0.1457139362236855
3.602685372770992,3.5570375355871104,1,21.40969556308933
1.5745610200871396,1.80830181124955,3,0.021248971275725215
3.243896302521463,1.8630611034157276,2,1.137468566410971
4.902280880711185,5.092262178621052,3,0.0075283955926628635
2.292377800821877,5.794524322009067,3,0.00045501445972279434
2.3687891423456753,2.451059137128135,3,0.017432227578127082
4.702994581105027,4.1416146948394825,1,71.12699180765352
3.632448492001328,3.5605095231818624,1,17.556362794454742
2.1457696568529925,2.751824853075605,1,1.0545001850953717
3.9960481362366864,3.5625503159549683,3,0.018433603618211256
3.433667425910864,3.6063698670976514,2,0.07861480678997251
4.879591344267581,3.7453745877088793,2,0.21506649212446186
3.485282298362374,1.7930157900700947,4,0.0501512511739853
1.2654890958607714,3.887665306962512,3,0.00043175950743520755
1.2528893816953084,2.4295709402545502,3,0.0032955511619843186
3.9704065072621795,4.304858946473974,2,0.05629446286764712
4.735750663040832,3.5237525461421058,3,0.02599031425184809
1.8098042570824082,5.157966302778167,3,0.00019686725162952354
3.154219286977245,1.4161342296483828,5,0.017095489321610972
2.965166917435447,5.996891177417425,4,0.0
1.118749901945829,2.8775912994472286,5,0.0
1.9261496772210944,1.3446089531261425,5,0.004142597731041954
3.2143276063207704,1.9739945147139306,1,182.32028072030923
1.6670324055725387,5.797498338847251,5,0.0
4.965101133412853,3.8020875039081536,1,112.06786428231023
2.6784213806149717,5.2873083141091,5,0.0
0.7217146293088854,4.546884977588117,2,0.0030357871930766444
0.839647109893268,5.210708381193115,5,0.0
3.187052935837701,5.231109726971297,2,0.016840638048236045
0.6469542196663962,2.45014822860709,1,0.16126210132817137
4.499297389866111,1.5928946813903986,1,334.9085304125449
2.557751557934481,1.6264583575481812,1,190.30505018121397
1.9962793707162052,2.4231057401666662,4,0.0009792373322337824
1.0581828326512892,5.364505968187837,5,0.0
3.617441346068271,1.4776188207569994,1,290.8076703109761
1.5787293961385453,4.441918139880889,1,0.1306590051206489
2.415756282768778,4.246198080592521,2,0.016013201191717428
3.23259889042131,4.423824742437367,3,0.003647112571783793
3.0912793876710696,1.6904335352145308,2,3.0043774605426643
3.012836639728021,3.142744325412236,3,0.011496646090181905
1.8007772729194136,3.76967190264884,4,1.1654309660828374e-05
1.5996493207346094,3.72756332564877,5,0.0
4.031254550032061,2.8375139507554623,4,0.009738277226950271
1.6778851016360274,4.195482871356384,2,0.00949235240590679
4.6192468698087605,4.571971146852126,2,0.07485348593300846
0.5670071722360833,2.6509223989252946,1,0.11429521922319343
4.739539869144823,3.15716452298953,1,165.9718848523008
2.324924613856706,4.930236887621738,5,0.0
1.408749652785437,3.0189953552444226,2,0.024662607755247496
0.7105058231306363,2.106096565616575,4,9.033055752135193e-05
1.444895111316277,5.175650142640476,5,0.0
3.4419998532294707,5.0641264387197475,4,0.0005221213385386429
0.8458775393533817,4.448938520412499,4,0.0
0.6937796492249455,3.8372897913201216,5,0.0
2.755028126251229,5.3809522988861636,1,0.1731072815022992
4.805198835710037,1.1924335714587733,4,19.691233534765406
3.7961825029639824,4.982610752686965,5,5.799739555973196e-05
3.5406066586770133,5.126946185734478,5,3.02530618516542e-05
0.75243887254215,3.36144164135447,3,0.00022573396979306493
2.0743126865647508,4.053602672493816,4,0.0003193626008876049
1.9312418992860498,4.414829146869961,3,0.0004738911682559987
4.22655830603764,1.1162221355684379,4,7.4402786473551785
4.194498229444889,4.126061373041983,2,0.10062731620847919
1.2421305500807795,5.487945172767906,1,0.05282061342752637
2.0450293453515807,5.4705208742090905,4,0.0
3.201323934428343,1.4662267204597026,3,0.4464840131251216
2.8639827688223507,2.475313002596156,5,0.0005562598608080937
1.9917264089760618,3.542242301375795,3,0.0018551131146855655
4.854653475632895,3.58738271128592,3,0.03263001547521112
1.1540083266573555,4.335301742491296,3,0.00012738095391070782
1.0023543571514897,5.943415767551423,2,0.0016263190198532278
2.5874808680297683,3.9808255182873666,2,0.029237291254865877
2.0416819006941695,5.1090198676058325,3,0.000628279469636909
2.904085666960603,1.433819947320947,2,10.924160137541781
2.5707393075650504,3.339120956298161,4,0.0008796853217862165
3.5098423417538167,3.3133153170957046,3,0.014496869381583054
0.54360648841091,5.3969177634701,2,0.0016651241047101867
3.74171817709828,3.7528524495521287,3,0.012341171828138273
3.9203888229865176,2.5931261352179638,1,171.30227586853977
1.4314751850109473,1.2820668608310373,1,38.24403739022793
3.8957541874860406,3.439064320943378,3,0.023554048058907696
1.227578108612768,1.4648428145907635,5,0.00011908088963470136
3.637458050878646,1.2017252744026177,4,0.38450237737492565
3.796955453422431,1.0040318799602508,3,107.50253825358463
4.957853173646547,4.8416273565760735,2,0.08000311799546687
2.955354200200225,4.3754533493296695,1,0.4585246409497271
2.587837348619997,1.1677530150757574,3,0.5379510811992048
2.6100503640441093,1.7517413303440161,1,165.89951722282302
1.055776396931954,2.1535375714995935,2,0.015114087292066208
1.6366618298562694,4.596109708391671,2,0.00697601918985051
3.827470332088861,2.5015460602882023,2,0.3822715726993083
3.231991704728782,4.8135950519853425,5,5.574352105293194e-05
4.227670027013499,2.783676133588374,4,0.011552551854564719
1.993510929893806,4.425520995587199,4,0.0
3.6033987341156766,3.939014158342018,3,0.009237541078369988
3.3546388420178843,4.704575206665191,3,0.002725737897158682
4.359233971661481,4.004800396824132,3,0.014432697671587582
1.5754480036688567,3.4656033948920113,2,0.01905788705170815
4.028653116031297,4.30246692703064,2,0.05956981678327335
2.8363787200382666,1.8209344721353884,3,0.06778552800240503
4.939310050156037,4.2731799547845375,2,0.1021450758754645
2.6136765200784087,2.46798089935491,3,0.023828901378307135
2.5242015902553097,2.1305836993823233,1,72.46589248810521
2.0377178598125996,5.375042254134388,4,5.68995540619662e-05
4.1405764686276205,3.937710107575841,3,0.01205647282923244
2.801795678731019,4.923514870802011,1,0.2832568151308438
1.7674471582519211,1.5184889438438955,4,0.006627366628338915
1.7739911200827163,2.4466645754804084,2,0.06037062890724169
0.9637338145113847,4.193034436784332,5,0.0
1.8287675103539003,5.805927790455455,1,0.08136045246629826
1.4874742529679146,4.633730596621532,1,0.1099573629554301
3.260802187009772,3.3494615005067194,2,0.09894959797556728
0.6427304133409757,5.583543071798073,5,0.0
3.3327883382685526,3.070631792519386,3,0.020353029290565205
1.5100052607597423,1.118976019619284,3,0.09158315864480955
1.8499340886985645,1.412034840829429,1,132.65024925324138
1.0701264037163256,5.4407523635171975,4,0.0
4.680691540375589,5.196863434178879,2,0.04797179802892386
4.218317726817936,4.294712110578159,5,0.00016666688903210726
3.2181861812893082,2.9746861731979055,3,0.020598963329388577
2.0100655082964343,3.7919700455637675,3,0.0017956023833759203
2.9741672584796905,3.7089251612114102,4,0.000374959355381398
3.226783063271861,2.2242533779647986,1,141.40819816927927
3.206771174618062,1.9452956646474515,5,0.004296246815657269
2.685331752359021,4.486171917866647,1,0.3164172230440484
1.0053153647777822,5.197656430862747,3,1.9309340843729405e-05
4.759482103842713,1.0713430190759596,5,2.5185149478708664
3.474990330735311,5.083823511859787,2,0.030849233767463322
3.469156155771497,3.993696261871961,1,1.3292191982027084
3.293501412144844,2.3137922604372143,3,0.055530777498481634
2.6531303419919303,4.361375231511324,3,0.003621010324838823
3.8410535415451466,4.661792346893286,3,0.005349587003936887
3.9015268896803024,5.3808936236266085,5,3.1766606866520165e-05
3.923452201601479,3.449939207840836,5,0.0003562326201135596
1.9925570078549837,5.5432533598782845,4,0.0
1.6638611652501976,1.976527698391116,1,2.2546446214621025
4.523512386500582,2.7328478198274673,4,0.017212027466058998
4.132747919835772,5.851789459881851,1,0.4111785079685702
4.166612656957572,1.487892166117308,4,0.2357249406554828
1.978522228395314,5.045202377882066,5,0.0
3.994372870857725,1.0425145414127033,5,0.39118679628252495
3.152726578915101,1.7718469443118203,5,0.0045100108661393235
4.997972961549897,5.275601703050892,2,0.060587988447755155
3.698031724002287,3.919711857056363,3,0.012688641387649892
0.6993840319490958,1.7966573024888102,2,0.012111058736161676
1.2397691869334178,3.9605294859578772,4,1.89639995665373e-05
0.9173844582116564,3.7903155264880075,4,0.0
1.1580914491090426,2.203678553934762,1,0.39375464221303486
2.0950243345459043,2.7475322688211907,5,4.1459657261952726e-05
0.7718489035108029,1.6215693587147126,5,0.0
1.4371630777570248,5.711323299291702,5,0.0
3.156916690071342,4.657856526482555,3,0.00280758497234223
1.6639159252221036,5.280105754267881,2,0.006116026296764078
1.9993831799625978,1.5404900899438099,2,0.5616905565247526
0.8931248687248192,4.673576247240455,2,0.003655561681849354
3.7397166736254004,4.617645022963721,2,0.04801656471755751
2.7610049977998923,2.09263468776971,3,0.042974347183496124
1.911427854485197,2.0102116905461322,5,0.0011604592315267016
3.9657320084249736,1.8447586673356038,5,0.016483857121925696
2.2529731773945905,1.9491105043217423,2,0.2798203597238904
2.0441737825159487,4.040037417445168,5,6.0721406988606035e-05
4.931698142031232,5.226027356585993,5,0.00016907228358026155
2.086253620874864,3.740138663823962,5,1.5642245502896668e-05
2.8290948874156037,3.5503169698573074,3,0.004427583912387687
1.9247809682631012,4.676171207175715,5,0.0
3.450891797261623,1.6875276378908461,5,0.01903580526656011
3.1717385207300377,1.8642279274035625,2,1.2101903271208123
4.384782317919166,1.4121617246367197,2,174.40296355699851
4.368270211238553,2.8113216491876747,3,0.056630175169512416
2.7005859341598026,5.340061884655205,1,0.16493725591939973
